{
  "project_info": {
    "project_number": "1064117593124",
    "firebase_url": "https://travel-assistant-5e699-default-rtdb.firebaseio.com",
    "project_id": "travel-assistant-5e699",
    "storage_bucket": "travel-assistant-5e699.appspot.com"
  },
  "client": [
    {
      "client_info": {
        "mobilesdk_app_id": "1:1064117593124:android:738a61f3e6ad5c87e1e4b1",
        "android_client_info": {
          "package_name": "com.labproject.travelassistant"
        }
      },
      "oauth_client": [
        {
          "client_id": "1064117593124-6p3nhm8fg4g7ipbblc0ss6dq9ki4cmdi.apps.googleusercontent.com",
          "client_type": 3
        }
      ],
      "api_key": [
        {
          "current_key": "AIzaSyBZKC50swJC92eqU0aGeK3XyTAJB-oSOYc"
        }
      ],
      "services": {
        "appinvite_service": {
          "other_platform_oauth_client": [
            {
              "client_id": "1064117593124-6p3nhm8fg4g7ipbblc0ss6dq9ki4cmdi.apps.googleusercontent.com",
              "client_type": 3
            }
          ]
        }
      }
    }
  ],
  "configuration_version": "1"
}